{"cameraMode":{"drawMode":0,"name":"Shaded","section":"Shading Mode"},"sceneLighting":true,"audioPlay":false,"sceneViewState":{"m_AlwaysRefresh":false,"showFog":true,"showSkybox":true,"showFlares":true,"showImageEffects":true,"showParticleSystems":true,"showVisualEffectGraphs":true,"m_FxEnabled":true},"in2DMode":false,"pivot":{"x":-14.014001846313477,"y":3.9575724601745607,"z":19.496355056762697},"rotation":{"x":-0.15861064195632935,"y":-0.8052663803100586,"z":0.24801437556743623,"w":-0.5147481560707092},"size":0.8660253882408142,"orthographic":false}