{"cameraMode":{"drawMode":0,"name":"Shaded","section":"Shading Mode"},"sceneLighting":true,"audioPlay":false,"sceneViewState":{"m_AlwaysRefresh":false,"showFog":true,"showSkybox":true,"showFlares":true,"showImageEffects":true,"showParticleSystems":true,"showVisualEffectGraphs":true,"m_FxEnabled":true},"in2DMode":false,"pivot":{"x":19.226593017578126,"y":19.67634391784668,"z":-14.370675086975098},"rotation":{"x":0.06502138078212738,"y":0.3317526876926422,"z":-0.022927384823560716,"w":0.9408433437347412},"size":0.5660253763198853,"orthographic":false}