{"cameraMode":{"drawMode":0,"name":"Shaded","section":"Shading Mode"},"sceneLighting":true,"audioPlay":false,"sceneViewState":{"m_AlwaysRefresh":false,"showFog":true,"showSkybox":true,"showFlares":true,"showImageEffects":true,"showParticleSystems":true,"showVisualEffectGraphs":true,"m_FxEnabled":true},"in2DMode":false,"pivot":{"x":-8.629688262939454,"y":6.802908420562744,"z":24.873165130615236},"rotation":{"x":0.02520701475441456,"y":0.9642099142074585,"z":-0.09897520393133164,"w":0.24484987556934358},"size":0.8660253882408142,"orthographic":false}