{"cameraMode":{"drawMode":0,"name":"Shaded","section":"Shading Mode"},"sceneLighting":false,"audioPlay":false,"sceneViewState":{"m_AlwaysRefresh":false,"showFog":true,"showSkybox":false,"showFlares":true,"showImageEffects":true,"showParticleSystems":true,"showVisualEffectGraphs":true,"m_FxEnabled":true},"in2DMode":false,"pivot":{"x":0.16096389293670655,"y":-0.0006738901138305664,"z":0.13850045204162599},"rotation":{"x":-0.13319353759288789,"y":0.4344167411327362,"z":-0.06512551754713059,"w":-0.8884421586990356},"size":0.8660263419151306,"orthographic":false}