{"cameraMode":{"drawMode":0,"name":"Shaded","section":"Shading Mode"},"sceneLighting":false,"audioPlay":false,"sceneViewState":{"m_AlwaysRefresh":false,"showFog":true,"showSkybox":false,"showFlares":true,"showImageEffects":true,"showParticleSystems":true,"showVisualEffectGraphs":true,"m_FxEnabled":true},"in2DMode":false,"pivot":{"x":0.8144509792327881,"y":0.21791349351406098,"z":-0.038040272891521457},"rotation":{"x":-0.20952852070331574,"y":0.5264445543289185,"z":-0.13572070002555848,"w":-0.8127496242523193},"size":0.8660263419151306,"orthographic":false}